<?xml version="1.0" encoding="UTF-8"?>
<!DOCTYPE mapper PUBLIC "-//mybatis.org//DTD Mapper 3.0//EN" "http://mybatis.org/dtd/mybatis-3-mapper.dtd">
<mapper namespace="com.whd.spring.mapper.EmployeeMapper">
  <resultMap id="BaseResultMap" type="com.whd.spring.bean.Employee">
    <!--
      WARNING - @mbg.generated
      This element is automatically generated by MyBatis Generator, do not modify.
      This element was generated on Mon Mar 29 11:14:55 CST 2021.
    -->
    <id column="id" jdbcType="INTEGER" property="id" />
    <result column="dept_id" jdbcType="INTEGER" property="deptId" />
    <result column="last_name" jdbcType="VARCHAR" property="lastName" />
    <result column="first_name" jdbcType="VARCHAR" property="firstName" />
    <result column="address" jdbcType="VARCHAR" property="address" />
    <result column="gender" jdbcType="INTEGER" property="gender" />
    <result column="salary" jdbcType="DECIMAL" property="salary" />
    <result column="date" jdbcType="DATE" property="date" />
  </resultMap>
  <sql id="Example_Where_Clause">
    <!--
      WARNING - @mbg.generated
      This element is automatically generated by MyBatis Generator, do not modify.
      This element was generated on Mon Mar 29 11:14:55 CST 2021.
    -->
    <where>
      <foreach collection="oredCriteria" item="criteria" separator="or">
        <if test="criteria.valid">
          <trim prefix="(" prefixOverrides="and" suffix=")">
            <foreach collection="criteria.criteria" item="criterion">
              <choose>
                <when test="criterion.noValue">
                  and ${criterion.condition}
                </when>
                <when test="criterion.singleValue">
                  and ${criterion.condition} #{criterion.value}
                </when>
                <when test="criterion.betweenValue">
                  and ${criterion.condition} #{criterion.value} and #{criterion.secondValue}
                </when>
                <when test="criterion.listValue">
                  and ${criterion.condition}
                  <foreach close=")" collection="criterion.value" item="listItem" open="(" separator=",">
                    #{listItem}
                  </foreach>
                </when>
              </choose>
            </foreach>
          </trim>
        </if>
      </foreach>
    </where>
  </sql>
  <sql id="Update_By_Example_Where_Clause">
    <!--
      WARNING - @mbg.generated
      This element is automatically generated by MyBatis Generator, do not modify.
      This element was generated on Mon Mar 29 11:14:55 CST 2021.
    -->
    <where>
      <foreach collection="example.oredCriteria" item="criteria" separator="or">
        <if test="criteria.valid">
          <trim prefix="(" prefixOverrides="and" suffix=")">
            <foreach collection="criteria.criteria" item="criterion">
              <choose>
                <when test="criterion.noValue">
                  and ${criterion.condition}
                </when>
                <when test="criterion.singleValue">
                  and ${criterion.condition} #{criterion.value}
                </when>
                <when test="criterion.betweenValue">
                  and ${criterion.condition} #{criterion.value} and #{criterion.secondValue}
                </when>
                <when test="criterion.listValue">
                  and ${criterion.condition}
                  <foreach close=")" collection="criterion.value" item="listItem" open="(" separator=",">
                    #{listItem}
                  </foreach>
                </when>
              </choose>
            </foreach>
          </trim>
        </if>
      </foreach>
    </where>
  </sql>
  <sql id="Base_Column_List">
    <!--
      WARNING - @mbg.generated
      This element is automatically generated by MyBatis Generator, do not modify.
      This element was generated on Mon Mar 29 11:14:55 CST 2021.
    -->
    id, dept_id, last_name, first_name, address, gender, salary, date
  </sql>
  <select id="selectByExample" parameterType="com.whd.spring.bean.EmployeeExample" resultMap="BaseResultMap">
    <!--
      WARNING - @mbg.generated
      This element is automatically generated by MyBatis Generator, do not modify.
      This element was generated on Mon Mar 29 11:14:55 CST 2021.
    -->
    select
    <if test="distinct">
      distinct
    </if>
    <include refid="Base_Column_List" />
    from employee
    <if test="_parameter != null">
      <include refid="Example_Where_Clause" />
    </if>
    <if test="orderByClause != null">
      order by ${orderByClause}
    </if>
  </select>
  <select id="selectByPrimaryKey" parameterType="java.lang.Integer" resultMap="BaseResultMap">
    <!--
      WARNING - @mbg.generated
      This element is automatically generated by MyBatis Generator, do not modify.
      This element was generated on Mon Mar 29 11:14:55 CST 2021.
    -->
    select 
    <include refid="Base_Column_List" />
    from employee
    where id = #{id,jdbcType=INTEGER}
  </select>
  <delete id="deleteByPrimaryKey" parameterType="java.lang.Integer">
    <!--
      WARNING - @mbg.generated
      This element is automatically generated by MyBatis Generator, do not modify.
      This element was generated on Mon Mar 29 11:14:55 CST 2021.
    -->
    delete from employee
    where id = #{id,jdbcType=INTEGER}
  </delete>
  <delete id="deleteByExample" parameterType="com.whd.spring.bean.EmployeeExample">
    <!--
      WARNING - @mbg.generated
      This element is automatically generated by MyBatis Generator, do not modify.
      This element was generated on Mon Mar 29 11:14:55 CST 2021.
    -->
    delete from employee
    <if test="_parameter != null">
      <include refid="Example_Where_Clause" />
    </if>
  </delete>
  <insert id="insert" parameterType="com.whd.spring.bean.Employee">
    <!--
      WARNING - @mbg.generated
      This element is automatically generated by MyBatis Generator, do not modify.
      This element was generated on Mon Mar 29 11:14:55 CST 2021.
    -->
    insert into employee (id, dept_id, last_name, 
      first_name, address, gender, 
      salary, date)
    values (#{id,jdbcType=INTEGER}, #{deptId,jdbcType=INTEGER}, #{lastName,jdbcType=VARCHAR}, 
      #{firstName,jdbcType=VARCHAR}, #{address,jdbcType=VARCHAR}, #{gender,jdbcType=INTEGER}, 
      #{salary,jdbcType=DECIMAL}, #{date,jdbcType=DATE})
  </insert>
  <insert id="insertSelective" parameterType="com.whd.spring.bean.Employee">
    <!--
      WARNING - @mbg.generated
      This element is automatically generated by MyBatis Generator, do not modify.
      This element was generated on Mon Mar 29 11:14:55 CST 2021.
    -->
    insert into employee
    <trim prefix="(" suffix=")" suffixOverrides=",">
      <if test="id != null">
        id,
      </if>
      <if test="deptId != null">
        dept_id,
      </if>
      <if test="lastName != null">
        last_name,
      </if>
      <if test="firstName != null">
        first_name,
      </if>
      <if test="address != null">
        address,
      </if>
      <if test="gender != null">
        gender,
      </if>
      <if test="salary != null">
        salary,
      </if>
      <if test="date != null">
        date,
      </if>
    </trim>
    <trim prefix="values (" suffix=")" suffixOverrides=",">
      <if test="id != null">
        #{id,jdbcType=INTEGER},
      </if>
      <if test="deptId != null">
        #{deptId,jdbcType=INTEGER},
      </if>
      <if test="lastName != null">
        #{lastName,jdbcType=VARCHAR},
      </if>
      <if test="firstName != null">
        #{firstName,jdbcType=VARCHAR},
      </if>
      <if test="address != null">
        #{address,jdbcType=VARCHAR},
      </if>
      <if test="gender != null">
        #{gender,jdbcType=INTEGER},
      </if>
      <if test="salary != null">
        #{salary,jdbcType=DECIMAL},
      </if>
      <if test="date != null">
        #{date,jdbcType=DATE},
      </if>
    </trim>
  </insert>
  <select id="countByExample" parameterType="com.whd.spring.bean.EmployeeExample" resultType="java.lang.Long">
    <!--
      WARNING - @mbg.generated
      This element is automatically generated by MyBatis Generator, do not modify.
      This element was generated on Mon Mar 29 11:14:55 CST 2021.
    -->
    select count(*) from employee
    <if test="_parameter != null">
      <include refid="Example_Where_Clause" />
    </if>
  </select>
  <update id="updateByExampleSelective" parameterType="map">
    <!--
      WARNING - @mbg.generated
      This element is automatically generated by MyBatis Generator, do not modify.
      This element was generated on Mon Mar 29 11:14:55 CST 2021.
    -->
    update employee
    <set>
      <if test="record.id != null">
        id = #{record.id,jdbcType=INTEGER},
      </if>
      <if test="record.deptId != null">
        dept_id = #{record.deptId,jdbcType=INTEGER},
      </if>
      <if test="record.lastName != null">
        last_name = #{record.lastName,jdbcType=VARCHAR},
      </if>
      <if test="record.firstName != null">
        first_name = #{record.firstName,jdbcType=VARCHAR},
      </if>
      <if test="record.address != null">
        address = #{record.address,jdbcType=VARCHAR},
      </if>
      <if test="record.gender != null">
        gender = #{record.gender,jdbcType=INTEGER},
      </if>
      <if test="record.salary != null">
        salary = #{record.salary,jdbcType=DECIMAL},
      </if>
      <if test="record.date != null">
        date = #{record.date,jdbcType=DATE},
      </if>
    </set>
    <if test="_parameter != null">
      <include refid="Update_By_Example_Where_Clause" />
    </if>
  </update>
  <update id="updateByExample" parameterType="map">
    <!--
      WARNING - @mbg.generated
      This element is automatically generated by MyBatis Generator, do not modify.
      This element was generated on Mon Mar 29 11:14:55 CST 2021.
    -->
    update employee
    set id = #{record.id,jdbcType=INTEGER},
      dept_id = #{record.deptId,jdbcType=INTEGER},
      last_name = #{record.lastName,jdbcType=VARCHAR},
      first_name = #{record.firstName,jdbcType=VARCHAR},
      address = #{record.address,jdbcType=VARCHAR},
      gender = #{record.gender,jdbcType=INTEGER},
      salary = #{record.salary,jdbcType=DECIMAL},
      date = #{record.date,jdbcType=DATE}
    <if test="_parameter != null">
      <include refid="Update_By_Example_Where_Clause" />
    </if>
  </update>
  <update id="updateByPrimaryKeySelective" parameterType="com.whd.spring.bean.Employee">
    <!--
      WARNING - @mbg.generated
      This element is automatically generated by MyBatis Generator, do not modify.
      This element was generated on Mon Mar 29 11:14:55 CST 2021.
    -->
    update employee
    <set>
      <if test="deptId != null">
        dept_id = #{deptId,jdbcType=INTEGER},
      </if>
      <if test="lastName != null">
        last_name = #{lastName,jdbcType=VARCHAR},
      </if>
      <if test="firstName != null">
        first_name = #{firstName,jdbcType=VARCHAR},
      </if>
      <if test="address != null">
        address = #{address,jdbcType=VARCHAR},
      </if>
      <if test="gender != null">
        gender = #{gender,jdbcType=INTEGER},
      </if>
      <if test="salary != null">
        salary = #{salary,jdbcType=DECIMAL},
      </if>
      <if test="date != null">
        date = #{date,jdbcType=DATE},
      </if>
    </set>
    where id = #{id,jdbcType=INTEGER}
  </update>
  <update id="updateByPrimaryKey" parameterType="com.whd.spring.bean.Employee">
    <!--
      WARNING - @mbg.generated
      This element is automatically generated by MyBatis Generator, do not modify.
      This element was generated on Mon Mar 29 11:14:55 CST 2021.
    -->
    update employee
    set dept_id = #{deptId,jdbcType=INTEGER},
      last_name = #{lastName,jdbcType=VARCHAR},
      first_name = #{firstName,jdbcType=VARCHAR},
      address = #{address,jdbcType=VARCHAR},
      gender = #{gender,jdbcType=INTEGER},
      salary = #{salary,jdbcType=DECIMAL},
      date = #{date,jdbcType=DATE}
    where id = #{id,jdbcType=INTEGER}
  </update>
</mapper>