<?xml version="1.0" encoding="UTF-8" ?>
<!DOCTYPE log4j:configuration SYSTEM "log4j.dtd">
<log4j:configuration >
    <appender name="log.console" class="org.apache.log4j.ConsoleAppender">
        <layout class="org.apache.log4j.PatternLayout">
            <param name="ConversionPattern" value="%d{yyyy-MM-dd HH:mm:ss,SSS} %5p (%C{1}:%M) - %m%n" />
        </layout>
    </appender>
    <logger name="org.apache.ibatis">
        <level value="info" />
        <appender-ref ref="log.console" />
    </logger>
    <!--name="cn.kgc"目录修改为自己package目录 -->
    <logger name="com.andy">
        <level value="debug" />
        <appender-ref ref="log.console" />
    </logger>
</log4j:configuration>