<?xml version="1.0" encoding="UTF-8"?>
<!DOCTYPE generatorConfiguration
        PUBLIC "-//mybatis.org//DTD MyBatis Generator Configuration 1.0//EN"
        "http://mybatis.org/dtd/mybatis-generator-config_1_0.dtd">
<generatorConfiguration>
    <!-- targetRuntime:
    执行生成的逆向工程的版本 MyBatis3Simple: 生成基本的CRUDMyBatis3: 生成带条件的CRUD -->
    <context id="DB2Tables" targetRuntime="MyBatis3">
        <jdbcConnection
                driverClass="com.mysql.jdbc.Driver"
                connectionURL="jdbc:mysql:///ssm"
                userId="root"
                password="18044222">
        </jdbcConnection>
        <!-- javaBean的生成策略-->
        <javaModelGenerator
                targetPackage="com.whd.spring.bean"
                targetProject=".\src\main\java">
            <property name="enableSubPackages"
                      value="true" />
            <property name="trimStrings"
                      value="true" />
        </javaModelGenerator>
        <!-- SQL映射文件的生成策略 -->
        <sqlMapGenerator
                targetPackage="mybatis.mapper"
                targetProject=".\src\main\resources">
            <property name="enableSubPackages"
                      value="true" />
        </sqlMapGenerator>
        <!-- Mapper接口的生成策略 -->
        <javaClientGenerator
                type="XMLMAPPER"
                targetPackage="com.whd.spring.mapper"
                targetProject=".\src\main\java">
            <property name="enableSubPackages" value="true" />
        </javaClientGenerator>
        <!-- 逆向分析的表 -->

<!--        <table tableName="employee" domainObjectName="Employee"></table>-->
        <table tableName="dept" domainObjectName="Dept"></table>
    </context>
</generatorConfiguration>