<?xml version="1.0" encoding="UTF-8"?>
<beans xmlns="http://www.springframework.org/schema/beans"
       xmlns:xsi="http://www.w3.org/2001/XMLSchema-instance" xmlns:mvc="http://www.springframework.org/schema/mvc"
       xmlns:context="http://www.springframework.org/schema/context"
       xsi:schemaLocation="http://www.springframework.org/schema/beans http://www.springframework.org/schema/beans/spring-beans.xsd http://www.springframework.org/schema/mvc https://www.springframework.org/schema/mvc/spring-mvc.xsd http://www.springframework.org/schema/context https://www.springframework.org/schema/context/spring-context.xsd">
    <!--
       组件扫描
       注解驱动
       视图解析器
       资源解析
    -->

    <context:component-scan base-package="com.whd.spring">
        <context:include-filter type="annotation" expression="org.springframework.stereotype.Controller"/>
    </context:component-scan>
    <!-- 时间转换器 -->
    <!--    <mvc:annotation-driven conversion-service="conversionService"></mvc:annotation-driven>-->
    <mvc:annotation-driven></mvc:annotation-driven>

    <bean id="internalResourceViewResolver" class="org.springframework.web.servlet.view.InternalResourceViewResolver">
        <property name="prefix" value="/WEB-INF/jsps/"></property>
        <property name="suffix" value=".jsp"></property>
    </bean>

    <mvc:default-servlet-handler></mvc:default-servlet-handler>
    <mvc:view-controller path="forward" view-name="main"></mvc:view-controller>


</beans>