<?xml version="1.0" encoding="UTF-8"?>
<beans xmlns="http://www.springframework.org/schema/beans"
       xmlns:xsi="http://www.w3.org/2001/XMLSchema-instance"
       xmlns:context="http://www.springframework.org/schema/context" xmlns:tx="http://www.alibaba.com/schema/stat"
       xsi:schemaLocation="http://www.springframework.org/schema/beans http://www.springframework.org/schema/beans/spring-beans.xsd http://www.springframework.org/schema/context https://www.springframework.org/schema/context/spring-context.xsd http://www.alibaba.com/schema/stat http://www.alibaba.com/schema/stat.xsd">
    <!--
        数据源
        事务管理器
        连接池
        事务注解
     -->
<!--    <context:property-placeholder location="classpath:jdbc.properties"></context:property-placeholder>-->

    <!-- 注解扫描 -->
    <context:component-scan base-package="com.whd.spring" >
        <context:exclude-filter type="annotation" expression="org.springframework.stereotype.Controller"/>
    </context:component-scan>

    <!-- 事务管理器 -->
    <bean id="transactionManager" class="org.springframework.jdbc.datasource.DataSourceTransactionManager">
        <property name="dataSource" ref="dataSource"></property>
    </bean>

    <!-- 数据源 -->
    <!-- DataSouce -->
    <bean id="dataSource" class="com.alibaba.druid.pool.DruidDataSource">
        <property name="username" value="root"></property>
        <property name="password" value="18044222"></property>
        <property name="url" value="jdbc:mysql:///ssm"></property>
        <property name="driverClassName" value="com.mysql.jdbc.Driver"></property>
    </bean>

    <!-- 启用事务注解 aop 通知 切面  -->
    <tx:annotation-driven></tx:annotation-driven>

    <bean id="SqlSessionFactoryBean" class="org.mybatis.spring.SqlSessionFactoryBean">
        <property name="configLocation" value="classpath:mybatis-config.xml"></property>
        <property name="typeAliasesPackage" value="com.whd.spring.bean"></property>
        <property name="dataSource" ref="dataSource"></property>
        <property name="mapperLocations" value="classpath:mybatis/mapper/*.xml"></property>
    </bean>

    <bean class="org.mybatis.spring.mapper.MapperScannerConfigurer">
        <property name="basePackage" value="com.whd.spring.mapper"></property>
    </bean>

</beans>